channel,campaign_type,campaign_name,period_days,revenue_p10,revenue_p50,revenue_p90,roas_p10,roas_p50,roas_p90,disagreement_pct,uncertainty_level,prophet_p50,xgb_p50,ridge_p50
google,brand,Search_TM_Campaign_01,30,10196.77,19254.11,32631.31,2.05,3.88,6.57,11.5,MODERATE,21476.82,16339.75,18068.86
google,brand,Search_TM_Campaign_01,60,22033.76,37913.39,63118.63,2.22,3.82,6.35,10.2,MODERATE,41763.99,32679.51,36137.73
google,brand,Search_TM_Campaign_01,90,34645.06,57592.79,94284.0,2.32,3.86,6.33,11.2,MODERATE,64091.39,49019.26,54206.59
google,brand,Search_TM_Campaign_02,30,15074.01,19534.75,25775.6,4.35,5.63,7.43,44.2,HIGH,25855.3,7097.4,22389.41
google,brand,Search_TM_Campaign_02,60,30951.96,38839.73,50368.39,4.46,5.6,7.26,44.0,HIGH,51251.07,14194.79,44778.81
google,brand,Search_TM_Campaign_02,90,46764.03,57833.27,74694.76,4.5,5.56,7.18,43.8,HIGH,76023.94,21292.19,67168.22
google,brand,Search_TM_Campaign_03,30,9687.43,13544.06,18123.83,3.2,4.47,5.98,61.9,HIGH,20251.46,8697.83,4044.91
google,brand,Search_TM_Campaign_03,60,20318.23,27154.44,35464.37,3.35,4.48,5.85,62.1,HIGH,40635.54,17395.66,8089.83
google,brand,Search_TM_Campaign_03,90,31010.71,40672.94,52752.58,3.41,4.48,5.8,62.0,HIGH,60835.88,26093.49,12134.74
google,brand,Search_TM_Campaign_04,30,17919.47,32789.99,47907.12,7.65,14.0,20.45,39.2,HIGH,44317.47,15635.88,29702.45
google,brand,Search_TM_Campaign_04,60,39213.16,64500.17,91680.48,8.37,13.77,19.57,38.2,HIGH,86475.31,31271.77,59404.91
google,brand,Search_TM_Campaign_04,90,60094.16,95759.24,134525.93,8.55,13.62,19.14,37.5,HIGH,127730.96,46907.65,89107.36
google,brand,Search_TM_Campaign_05,30,13.12,18.75,24.38,1.58,2.25,2.93,25.0,HIGH,,,
google,brand,Search_TM_Campaign_05,60,26.25,37.5,48.75,1.58,2.25,2.93,25.0,HIGH,,,
google,brand,Search_TM_Campaign_05,90,39.38,56.25,73.12,1.58,2.25,2.93,25.0,HIGH,,,
google,display,Demand Gen_NTM_Campaign_01,30,315.13,441.42,1398.0,0.72,1.01,3.21,136.8,HIGH,1428.5,32.18,0.0
google,display,Demand Gen_NTM_Campaign_01,60,711.97,890.82,2749.16,0.82,1.02,3.15,136.8,HIGH,2883.59,64.37,0.0
google,display,Demand Gen_NTM_Campaign_01,90,1110.79,1345.18,4102.25,0.85,1.03,3.14,136.8,HIGH,4355.2,96.55,0.0
google,display,Demand Gen_NTM_Campaign_02,30,242.89,455.33,1476.33,0.68,1.28,4.14,94.3,HIGH,1150.27,25.19,333.91
google,display,Demand Gen_NTM_Campaign_02,60,550.15,910.08,2909.4,0.77,1.28,4.08,94.3,HIGH,2298.61,50.39,667.82
google,display,Demand Gen_NTM_Campaign_02,90,868.14,1368.9,4335.81,0.81,1.28,4.05,94.4,HIGH,3460.49,75.58,1001.72
google,display,Display_Campaign_01,30,0.0,0.0,0.0,0.0,0.0,0.0,141.4,HIGH,0.0,0.0,0.0
google,display,Display_Campaign_01,60,0.0,0.0,0.0,0.0,0.0,0.0,141.4,HIGH,0.0,0.0,0.0
google,display,Display_Campaign_01,90,0.0,0.0,0.0,0.0,0.0,0.0,141.4,HIGH,0.0,0.0,0.0
google,display,Display_Campaign_02,30,0.0,0.0,0.0,0.0,0.0,0.0,25.0,HIGH,,,
google,display,Display_Campaign_02,60,0.0,0.0,0.0,0.0,0.0,0.0,25.0,HIGH,,,
google,display,Display_Campaign_02,90,0.0,0.0,0.0,0.0,0.0,0.0,25.0,HIGH,,,
google,display,Video_Campaign_01,30,411.33,596.56,1360.15,12.51,18.14,41.36,140.9,HIGH,1982.2,4.74,0.0
google,display,Video_Campaign_01,60,974.18,1236.39,2655.93,14.81,18.8,40.38,140.9,HIGH,4108.65,9.49,0.0
google,display,Video_Campaign_01,90,1599.7,1948.22,4023.41,16.21,19.75,40.78,141.0,HIGH,6475.08,14.23,0.0
google,display,Video_Campaign_02,30,0.0,0.0,0.0,0.0,0.0,0.0,0.0,LOW,,0.0,0.0
google,display,Video_Campaign_02,60,0.0,0.0,0.0,0.0,0.0,0.0,0.0,LOW,,0.0,0.0
google,display,Video_Campaign_02,90,0.0,0.0,0.0,0.0,0.0,0.0,0.0,LOW,,0.0,0.0
google,display,Video_Campaign_03,30,0.0,0.0,0.0,0.0,0.0,0.0,141.4,HIGH,0.0,0.0,0.0
google,display,Video_Campaign_03,60,0.0,0.0,0.0,0.0,0.0,0.0,141.4,HIGH,0.0,0.0,0.0
google,display,Video_Campaign_03,90,0.0,0.0,0.0,0.0,0.0,0.0,141.4,HIGH,0.0,0.0,0.0
google,display,Video_NTM_Campaign_01,30,15.84,22.62,32.65,0.01,0.02,0.03,130.5,HIGH,71.47,0.0,3.92
google,display,Video_NTM_Campaign_01,60,36.54,46.46,63.57,0.02,0.02,0.03,130.8,HIGH,147.03,0.0,7.84
google,display,Video_NTM_Campaign_01,90,57.79,70.64,94.8,0.02,0.02,0.03,131.0,HIGH,223.7,0.0,11.77
google,search,Search_Campaign_01,30,0.0,0.0,0.0,0.0,0.0,0.0,25.0,HIGH,,,
google,search,Search_Campaign_01,60,0.0,0.0,0.0,0.0,0.0,0.0,25.0,HIGH,,,
google,search,Search_Campaign_01,90,0.0,0.0,0.0,0.0,0.0,0.0,25.0,HIGH,,,
google,search,Search_NTM_Campaign_01,30,226.11,394.09,1273.84,0.1,0.17,0.55,31.7,HIGH,,319.93,616.6
google,search,Search_NTM_Campaign_01,60,452.23,788.19,2547.69,0.1,0.17,0.55,31.7,HIGH,,639.85,1233.19
google,search,Search_NTM_Campaign_01,90,678.34,1182.28,3821.53,0.1,0.17,0.55,31.7,HIGH,,959.78,1849.79
google,search,Search_NTM_Campaign_02,30,6520.21,6716.79,10095.11,1.21,1.25,1.88,26.7,HIGH,7362.7,5310.42,10290.02
google,search,Search_NTM_Campaign_02,60,13096.86,13433.05,20137.34,1.22,1.25,1.87,26.7,HIGH,14722.72,10620.83,20580.04
google,search,Search_NTM_Campaign_02,90,19688.74,20144.08,30180.2,1.22,1.25,1.87,26.7,HIGH,22056.56,15931.25,30870.07
google,search,Search_NTM_Campaign_03,30,1523.19,3210.83,8696.33,2.18,4.59,12.44,91.0,HIGH,9744.53,1634.76,1405.34
google,search,Search_NTM_Campaign_03,60,3394.55,6505.76,17262.7,2.43,4.65,12.35,91.8,HIGH,19909.53,3269.52,2810.68
google,search,Search_NTM_Campaign_03,90,5278.55,9823.39,25825.67,2.52,4.68,12.31,92.2,HIGH,30188.07,4904.28,4216.02
google,search,Search_NTM_Campaign_04,30,97.28,146.7,276.87,17.33,26.13,49.32,141.4,HIGH,733.45,0.01,0.0
google,search,Search_NTM_Campaign_04,60,208.76,273.89,504.94,18.59,24.39,44.97,141.4,HIGH,1369.39,0.03,0.0
google,search,Search_NTM_Campaign_04,90,311.0,391.64,719.05,18.46,23.25,42.69,141.4,HIGH,1958.06,0.04,0.0
google,search,Search_NTM_Campaign_05,30,97.7,140.26,222.93,7.76,11.14,17.7,141.4,HIGH,701.24,0.02,0.0
google,search,Search_NTM_Campaign_05,60,221.36,278.42,424.56,8.79,11.05,16.85,141.4,HIGH,1391.97,0.04,0.0
google,search,Search_NTM_Campaign_05,90,346.08,417.18,622.31,9.16,11.04,16.47,141.4,HIGH,2085.73,0.06,0.0
google,search,Search_NTM_Campaign_06,30,0.0,0.0,0.0,0.0,0.0,0.0,141.4,HIGH,0.0,0.0,0.0
google,search,Search_NTM_Campaign_06,60,0.0,0.0,0.0,0.0,0.0,0.0,141.4,HIGH,0.0,0.0,0.0
google,search,Search_NTM_Campaign_06,90,0.0,0.0,0.0,0.0,0.0,0.0,141.4,HIGH,0.0,0.0,0.0
google,search,Search_NTM_Campaign_07,30,0.0,0.0,0.0,0.0,0.0,0.0,0.0,LOW,,0.0,0.0
google,search,Search_NTM_Campaign_07,60,0.0,0.0,0.0,0.0,0.0,0.0,0.0,LOW,,0.0,0.0
google,search,Search_NTM_Campaign_07,90,0.0,0.0,0.0,0.0,0.0,0.0,0.0,LOW,,0.0,0.0
google,search,Search_NTM_Campaign_08,30,0.01,9.08,100.15,0.0,0.01,0.13,99.9,HIGH,,0.01,36.3
google,search,Search_NTM_Campaign_08,60,0.02,18.17,200.3,0.0,0.01,0.13,99.9,HIGH,,0.02,72.59
google,search,Search_NTM_Campaign_08,90,0.03,27.25,300.46,0.0,0.01,0.13,99.9,HIGH,,0.03,108.89
google,search,Search_NTM_Campaign_09,30,1058.69,1482.96,3129.34,1.02,1.43,3.02,136.4,HIGH,6906.36,169.49,0.0
google,search,Search_NTM_Campaign_09,60,2479.8,3115.8,6269.08,1.2,1.5,3.02,136.6,HIGH,14562.09,338.97,0.0
google,search,Search_NTM_Campaign_09,90,4124.02,4977.04,9629.09,1.33,1.6,3.1,136.9,HIGH,23359.85,508.46,0.0
google,search,Search_NTM_Campaign_10,30,0.0,0.0,131.06,0.0,0.0,0.15,0.0,LOW,,0.0,0.0
google,search,Search_NTM_Campaign_10,60,0.0,0.0,262.12,0.0,0.0,0.15,0.0,LOW,,0.0,0.0
google,search,Search_NTM_Campaign_10,90,0.0,0.0,393.19,0.0,0.0,0.15,0.0,LOW,,0.0,0.0
google,search,Search_NTM_Campaign_11,30,0.0,330.33,2070.75,0.0,0.66,4.12,100.0,HIGH,,440.44,0.0
google,search,Search_NTM_Campaign_11,60,0.0,660.67,4141.49,0.0,0.66,4.12,100.0,HIGH,,880.89,0.0
google,search,Search_NTM_Campaign_11,90,0.0,991.0,6212.24,0.0,0.66,4.12,100.0,HIGH,,1321.33,0.0
google,search,Search_NTM_Campaign_12,30,1274.9,1755.81,1822.23,0.42,0.58,0.6,3.5,LOW,,1724.85,1848.68
google,search,Search_NTM_Campaign_12,60,2549.8,3511.61,3644.47,0.42,0.58,0.6,3.5,LOW,,3449.69,3697.37
google,search,Search_NTM_Campaign_12,90,3824.71,5267.42,5466.7,0.42,0.58,0.6,3.5,LOW,,5174.54,5546.05
google,search,Search_NTM_Campaign_13,30,0.0,0.0,0.0,0.0,0.0,0.0,25.0,HIGH,,,
google,search,Search_NTM_Campaign_13,60,0.0,0.0,0.0,0.0,0.0,0.0,25.0,HIGH,,,
google,search,Search_NTM_Campaign_13,90,0.0,0.0,0.0,0.0,0.0,0.0,25.0,HIGH,,,
google,search,Search_NTM_Campaign_14,30,0.0,0.0,0.0,0.0,0.0,0.0,25.0,HIGH,,,
google,search,Search_NTM_Campaign_14,60,0.0,0.0,0.0,0.0,0.0,0.0,25.0,HIGH,,,
google,search,Search_NTM_Campaign_14,90,0.0,0.0,0.0,0.0,0.0,0.0,25.0,HIGH,,,
google,search,Search_NTM_Campaign_15,30,0.0,0.0,0.0,0.0,0.0,0.0,25.0,HIGH,,,
google,search,Search_NTM_Campaign_15,60,0.0,0.0,0.0,0.0,0.0,0.0,25.0,HIGH,,,
google,search,Search_NTM_Campaign_15,90,0.0,0.0,0.0,0.0,0.0,0.0,25.0,HIGH,,,
google,search,Search_NTM_Campaign_16,30,0.0,0.0,0.0,0.0,0.0,0.0,25.0,HIGH,,,
google,search,Search_NTM_Campaign_16,60,0.0,0.0,0.0,0.0,0.0,0.0,25.0,HIGH,,,
google,search,Search_NTM_Campaign_16,90,0.0,0.0,0.0,0.0,0.0,0.0,25.0,HIGH,,,
google,search,Search_NTM_Campaign_17,30,0.0,0.0,0.0,0.0,0.0,0.0,25.0,HIGH,,,
google,search,Search_NTM_Campaign_17,60,0.0,0.0,0.0,0.0,0.0,0.0,25.0,HIGH,,,
google,search,Search_NTM_Campaign_17,90,0.0,0.0,0.0,0.0,0.0,0.0,25.0,HIGH,,,
google,shopping,Pmax_Campaign_01,30,0.0,0.0,0.0,0.0,0.0,0.0,25.0,HIGH,,,
google,shopping,Pmax_Campaign_01,60,0.0,0.0,0.0,0.0,0.0,0.0,25.0,HIGH,,,
google,shopping,Pmax_Campaign_01,90,0.0,0.0,0.0,0.0,0.0,0.0,25.0,HIGH,,,
google,shopping,Pmax_Campaign_02,30,0.0,0.0,0.0,0.0,0.0,0.0,25.0,HIGH,,,
google,shopping,Pmax_Campaign_02,60,0.0,0.0,0.0,0.0,0.0,0.0,25.0,HIGH,,,
google,shopping,Pmax_Campaign_02,90,0.0,0.0,0.0,0.0,0.0,0.0,25.0,HIGH,,,
google,shopping,Pmax_Campaign_03,30,225.3,339.49,497.44,3.14,4.74,6.94,93.0,HIGH,597.9,0.0,202.71
google,shopping,Pmax_Campaign_03,60,502.26,686.28,965.34,3.51,4.79,6.74,93.4,HIGH,1210.39,0.0,405.42
google,shopping,Pmax_Campaign_03,90,795.17,1047.1,1446.21,3.7,4.87,6.73,94.0,HIGH,1850.95,0.01,608.13
google,shopping,Pmax_Campaign_04,30,113.47,171.07,285.88,76.74,115.7,193.35,141.4,HIGH,342.13,0.0,0.0
google,shopping,Pmax_Campaign_04,60,273.12,351.71,554.23,92.36,118.94,187.42,141.4,HIGH,703.42,0.0,0.0
google,shopping,Pmax_Campaign_04,90,434.22,534.53,821.34,97.89,120.51,185.17,141.4,HIGH,1069.05,0.0,0.0
google,shopping,Pmax_Campaign_05,30,2810.35,4636.14,9324.28,2.45,4.04,8.12,65.5,HIGH,6979.42,3083.59,1106.78
google,shopping,Pmax_Campaign_05,60,5976.77,8977.28,17865.85,2.6,3.91,7.77,63.7,HIGH,13368.83,6167.17,2213.56
google,shopping,Pmax_Campaign_05,90,9036.49,13260.16,26226.6,2.62,3.85,7.61,62.8,HIGH,19641.74,9250.76,3320.33
google,shopping,Pmax_Campaign_06,30,540.91,824.33,1935.6,15.39,23.45,55.07,140.9,HIGH,1646.33,3.86,0.0
google,shopping,Pmax_Campaign_06,60,1203.91,1594.04,3639.14,17.13,22.68,51.77,140.9,HIGH,3183.45,7.73,0.0
google,shopping,Pmax_Campaign_06,90,1820.3,2320.04,5249.81,17.26,22.0,49.79,140.9,HIGH,4633.12,11.59,0.0
google,shopping,Pmax_Campaign_07,30,1415.18,2222.49,4287.89,1.34,2.1,4.05,97.5,HIGH,3783.16,1103.03,0.0
google,shopping,Pmax_Campaign_07,60,2992.76,4228.9,8083.31,1.41,2.0,3.81,95.8,HIGH,7134.16,2206.07,0.0
google,shopping,Pmax_Campaign_07,90,4433.7,6112.92,11708.8,1.39,1.92,3.68,94.5,HIGH,10240.37,3309.1,0.0
google,shopping,Pmax_Campaign_08,30,3438.64,4912.35,6386.06,2.87,4.1,5.33,25.0,HIGH,,,
google,shopping,Pmax_Campaign_08,60,6877.29,9824.7,12772.11,2.87,4.1,5.33,25.0,HIGH,,,
google,shopping,Pmax_Campaign_08,90,10315.94,14737.05,19158.16,2.87,4.1,5.33,25.0,HIGH,,,
google,shopping,Pmax_Campaign_09,30,4629.28,6383.08,9622.49,2.33,3.21,4.85,122.3,HIGH,12029.38,1227.95,0.0
google,shopping,Pmax_Campaign_09,60,10317.27,12725.65,18582.42,2.6,3.2,4.68,122.2,HIGH,23977.75,2455.91,0.0
google,shopping,Pmax_Campaign_09,90,16315.68,19440.42,27550.82,2.74,3.26,4.63,122.6,HIGH,36670.52,3683.86,0.0
google,shopping,Pmax_NTM_Campaign_01,30,3587.09,5186.74,8510.7,1.83,2.64,4.34,88.2,HIGH,8950.08,1042.57,1994.63
google,shopping,Pmax_NTM_Campaign_01,60,7772.61,10426.11,16516.42,1.98,2.66,4.21,88.4,HIGH,18005.42,2085.14,3989.26
google,shopping,Pmax_NTM_Campaign_01,90,12008.43,15617.29,24559.76,2.04,2.65,4.17,88.4,HIGH,26964.38,3127.71,5983.9
google,shopping,Pmax_NTM_Campaign_02,30,3722.94,5279.3,7452.84,1.55,2.19,3.1,68.2,HIGH,8354.85,2212.06,2191.26
google,shopping,Pmax_NTM_Campaign_02,60,7827.85,10593.71,14627.24,1.63,2.2,3.04,68.4,HIGH,16779.95,4424.12,4382.51
google,shopping,Pmax_NTM_Campaign_02,90,11912.48,15846.31,21740.81,1.65,2.19,3.01,68.2,HIGH,25081.4,6636.18,6573.77
google,shopping,Pmax_NTM_Campaign_03,30,3180.96,5078.59,9861.09,4.44,7.08,13.75,59.5,HIGH,7615.17,1112.05,4686.98
google,shopping,Pmax_NTM_Campaign_03,60,7096.09,10378.54,19529.12,4.95,7.24,13.62,60.4,HIGH,15673.03,2224.09,9373.96
google,shopping,Pmax_NTM_Campaign_03,90,11101.44,15765.38,29296.76,5.16,7.33,13.62,61.0,HIGH,23904.69,3336.14,14060.94
google,shopping,Pmax_NTM_Campaign_04,30,2725.88,4053.18,6926.85,4.27,6.35,10.85,81.9,HIGH,6839.69,884.52,1839.88
google,shopping,Pmax_NTM_Campaign_04,60,5752.69,7900.1,13311.19,4.51,6.19,10.43,80.6,HIGH,13266.88,1769.05,3679.75
google,shopping,Pmax_NTM_Campaign_04,90,8192.11,11514.67,19984.6,4.28,6.01,10.44,79.2,HIGH,19229.34,2653.57,5519.63
google,shopping,Pmax_NTM_Campaign_05,30,21185.44,28741.45,47688.41,7.63,10.35,17.17,31.5,HIGH,37404.82,20007.73,20183.58
google,shopping,Pmax_NTM_Campaign_05,60,46123.12,59678.81,96229.28,8.3,10.74,17.32,34.6,HIGH,79201.48,40015.46,40367.15
google,shopping,Pmax_NTM_Campaign_05,90,73305.41,92720.45,146868.06,8.8,11.13,17.63,37.4,HIGH,125206.71,60023.18,60550.73
google,shopping,Pmax_NTM_Campaign_06,30,1899.19,3539.91,6031.21,3.14,5.86,9.98,50.3,HIGH,5151.76,1397.51,2723.88
google,shopping,Pmax_NTM_Campaign_06,60,4230.74,7066.47,11767.7,3.5,5.84,9.73,50.2,HIGH,10276.83,2795.02,5447.75
google,shopping,Pmax_NTM_Campaign_06,90,6603.66,10670.65,17516.33,3.64,5.88,9.66,50.6,HIGH,15557.13,4192.52,8171.63
google,shopping,Pmax_NTM_Campaign_07,30,4830.09,7497.77,13762.49,19.57,30.37,55.75,100.8,HIGH,13564.45,334.52,3075.95
google,shopping,Pmax_NTM_Campaign_07,60,10646.33,14662.38,26256.1,21.56,29.7,53.18,100.0,HIGH,26462.57,669.04,6151.91
google,shopping,Pmax_NTM_Campaign_07,90,16105.11,21418.07,38081.85,21.75,28.92,51.42,99.1,HIGH,38542.86,1003.57,9227.86
google,shopping,Pmax_NTM_Campaign_08,30,6153.49,9660.25,20119.98,21.59,33.89,70.59,115.3,HIGH,18046.42,1303.02,1230.66
google,shopping,Pmax_NTM_Campaign_08,60,12963.65,18316.31,37547.99,22.74,32.13,65.87,114.0,HIGH,34084.48,2606.04,2461.31
google,shopping,Pmax_NTM_Campaign_08,90,18679.59,26134.74,54549.4,21.85,30.57,63.8,112.7,HIGH,48447.25,3909.06,3691.97
google,shopping,Pmax_NTM_Campaign_09,30,7254.11,10569.31,16914.1,1.31,1.91,3.05,32.6,HIGH,13865.42,7141.14,7471.32
google,shopping,Pmax_NTM_Campaign_09,60,14864.28,21047.42,33357.79,1.34,1.9,3.01,32.3,HIGH,27548.42,14282.27,14942.65
google,shopping,Pmax_NTM_Campaign_09,90,22487.64,31433.2,49774.06,1.35,1.89,2.99,31.9,HIGH,41046.77,21423.41,22413.97
google,shopping,Pmax_NTM_Campaign_10,30,7945.97,11244.39,19322.95,7.84,11.09,19.06,112.5,HIGH,20969.1,924.48,2412.47
google,shopping,Pmax_NTM_Campaign_10,60,21651.23,26880.91,41918.43,10.68,13.26,20.68,116.9,HIGH,50722.45,1848.96,4824.95
google,shopping,Pmax_NTM_Campaign_10,90,37594.75,44550.7,66657.29,12.36,14.65,21.92,119.1,HIGH,84542.36,2773.44,7237.42
google,shopping,Pmax_NTM_Campaign_11,30,786.72,1269.93,2362.1,10.96,17.69,32.91,76.4,HIGH,2022.03,703.09,239.97
google,shopping,Pmax_NTM_Campaign_11,60,1771.55,2566.65,4619.9,12.34,17.88,32.18,76.9,HIGH,4097.61,1406.17,479.95
google,shopping,Pmax_NTM_Campaign_11,90,2790.43,3900.48,6907.57,12.96,18.11,32.08,77.6,HIGH,6247.44,2109.26,719.92
google,shopping,Pmax_NTM_Campaign_12,30,3601.35,6250.13,10542.17,5.62,9.75,16.45,52.3,HIGH,9103.22,3707.01,2932.08
google,shopping,Pmax_NTM_Campaign_12,60,8183.17,12905.11,21094.28,6.38,10.07,16.46,54.5,HIGH,19016.15,7414.02,5864.15
google,shopping,Pmax_NTM_Campaign_12,90,14198.31,20920.81,33021.75,7.38,10.88,17.18,59.7,HIGH,31650.51,11121.02,8796.23
google,shopping,Pmax_NTM_Campaign_13,30,2414.64,4392.54,6987.48,14.51,26.4,41.99,65.2,HIGH,6289.73,3741.82,625.67
google,shopping,Pmax_NTM_Campaign_13,60,5423.77,8872.94,13655.57,16.3,26.66,41.03,65.6,HIGH,12755.16,7483.63,1251.35
google,shopping,Pmax_NTM_Campaign_13,90,8593.05,13501.0,20437.19,17.21,27.04,40.94,66.3,HIGH,19515.92,11225.45,1877.02
google,shopping,Pmax_NTM_Campaign_14,30,18345.75,21795.79,26875.21,2.36,2.81,3.46,47.3,HIGH,31269.57,11470.15,13599.79
google,shopping,Pmax_NTM_Campaign_14,60,37647.99,43915.55,53495.3,2.43,2.83,3.45,47.8,HIGH,63187.08,22940.29,27199.58
google,shopping,Pmax_NTM_Campaign_14,90,57436.9,66251.06,80387.98,2.47,2.85,3.45,48.2,HIGH,95536.1,34410.44,40799.37
google,shopping,Pmax_NTM_Campaign_15,30,9917.01,12979.12,19760.04,8.69,11.37,17.31,96.3,HIGH,23009.69,2202.42,4067.74
google,shopping,Pmax_NTM_Campaign_15,60,21351.35,26214.09,38680.0,9.35,11.48,16.94,96.7,HIGH,46531.09,4404.84,8135.48
google,shopping,Pmax_NTM_Campaign_15,90,33052.75,39533.74,57749.51,9.65,11.54,16.86,96.9,HIGH,70221.84,6607.26,12203.21
google,shopping,Pmax_NTM_Campaign_16,30,5076.57,7510.49,11021.79,2.09,3.1,4.55,57.3,HIGH,10834.57,5489.79,2231.32
google,shopping,Pmax_NTM_Campaign_16,60,10736.59,15019.37,21496.14,2.21,3.1,4.43,57.3,HIGH,21665.93,10979.59,4462.64
google,shopping,Pmax_NTM_Campaign_16,90,16489.47,22521.37,32053.45,2.27,3.1,4.41,57.3,HIGH,32483.53,16469.38,6693.96
google,shopping,Pmax_NTM_Campaign_17,30,859.87,1373.38,3105.55,5.29,8.45,19.12,86.6,HIGH,2354.2,305.74,522.79
google,shopping,Pmax_NTM_Campaign_17,60,1908.65,2737.61,6040.82,5.87,8.43,18.59,86.4,HIGH,4690.1,611.49,1045.58
google,shopping,Pmax_NTM_Campaign_17,90,2971.54,4100.5,8962.43,6.1,8.41,18.39,86.4,HIGH,7023.3,917.23,1568.37
google,shopping,Pmax_NTM_Campaign_18,30,1991.43,2856.96,5610.08,4.74,6.79,13.34,128.2,HIGH,5546.48,99.83,268.85
google,shopping,Pmax_NTM_Campaign_18,60,4454.11,5665.69,10805.83,5.3,6.74,12.85,128.1,HIGH,10996.51,199.66,537.69
google,shopping,Pmax_NTM_Campaign_18,90,6892.0,8460.1,15976.75,5.46,6.71,12.67,128.1,HIGH,16417.88,299.49,806.54
google,shopping,Pmax_NTM_Campaign_19,30,3571.87,6965.79,11042.66,1.75,3.41,5.41,33.6,HIGH,9213.14,4355.61,5262.68
google,shopping,Pmax_NTM_Campaign_19,60,7918.86,13913.36,21493.92,1.94,3.41,5.26,33.5,HIGH,18389.85,8711.21,10525.36
google,shopping,Pmax_NTM_Campaign_19,90,12243.51,20877.33,31859.06,2.0,3.41,5.2,33.5,HIGH,27599.35,13066.82,15788.05
google,shopping,Pmax_NTM_Campaign_20,30,3267.99,5648.79,10225.09,5.4,9.33,16.9,58.9,HIGH,8470.29,3221.04,2236.67
google,shopping,Pmax_NTM_Campaign_20,60,7214.04,11246.22,19838.25,5.96,9.29,16.39,58.6,HIGH,16837.84,6442.09,4473.34
google,shopping,Pmax_NTM_Campaign_20,90,11246.61,16821.15,29314.07,6.2,9.27,16.15,58.4,HIGH,25160.41,9663.13,6710.01
google,shopping,Pmax_NTM_Campaign_21,30,4775.1,17560.14,31666.1,1.2,4.43,7.99,44.0,HIGH,,23242.36,9036.82
google,shopping,Pmax_NTM_Campaign_21,60,9550.21,35120.29,63332.19,1.2,4.43,7.99,44.0,HIGH,,46484.73,18073.64
google,shopping,Pmax_NTM_Campaign_21,90,14325.31,52680.43,94998.29,1.2,4.43,7.99,44.0,HIGH,,69727.09,27110.45
google,shopping,Pmax_NTM_Campaign_22,30,3316.67,5021.94,8702.52,10.99,16.64,28.84,104.7,HIGH,9184.21,309.45,1684.97
google,shopping,Pmax_NTM_Campaign_22,60,6888.63,9453.52,16150.91,11.42,15.67,26.77,102.7,HIGH,17187.73,618.9,3369.94
google,shopping,Pmax_NTM_Campaign_22,90,10178.5,13606.96,23285.48,11.25,15.03,25.73,101.3,HIGH,24634.94,928.35,5054.91
google,shopping,Pmax_NTM_Campaign_23,30,3144.21,4649.87,8828.79,12.22,18.07,34.31,99.0,HIGH,8298.83,846.89,1231.93
google,shopping,Pmax_NTM_Campaign_23,60,6641.66,8826.96,16620.76,12.91,17.15,32.3,97.0,HIGH,15652.11,1693.77,2463.86
google,shopping,Pmax_NTM_Campaign_23,90,9758.78,12772.64,23982.91,12.64,16.55,31.07,95.6,HIGH,22542.58,2540.66,3695.79
google,shopping,Pmax_NTM_Campaign_24,30,311.55,477.16,833.38,2.61,3.99,6.97,123.0,HIGH,918.44,0.0,89.71
google,shopping,Pmax_NTM_Campaign_24,60,572.58,808.84,1413.98,2.39,3.38,5.91,120.0,HIGH,1545.91,0.0,179.42
google,shopping,Pmax_NTM_Campaign_24,90,766.11,1047.47,1894.08,2.14,2.92,5.28,117.0,HIGH,1987.29,0.0,269.13
google,shopping,Pmax_NTM_Campaign_25,30,2539.98,3463.84,5160.32,3.93,5.36,7.99,118.1,HIGH,6432.38,825.48,0.0
google,shopping,Pmax_NTM_Campaign_25,60,5576.11,6987.0,10001.33,4.32,5.41,7.74,118.3,HIGH,12983.42,1650.97,0.0
google,shopping,Pmax_NTM_Campaign_25,90,8816.15,10651.25,15047.77,4.55,5.5,7.76,118.6,HIGH,19816.64,2476.45,0.0
google,shopping,Pmax_NTM_Campaign_26,30,394.9,746.96,1483.63,2.15,4.06,8.07,39.1,HIGH,1004.26,543.88,408.35
google,shopping,Pmax_NTM_Campaign_26,60,845.87,1442.44,2841.73,2.3,3.92,7.72,36.4,HIGH,1905.55,1087.76,816.69
google,shopping,Pmax_NTM_Campaign_26,90,1261.44,2113.58,4157.33,2.29,3.83,7.53,34.6,HIGH,2758.16,1631.64,1225.04
google,shopping,Pmax_NTM_Campaign_27,30,2985.93,5330.53,9292.15,1.49,2.67,4.65,48.1,HIGH,7678.82,2298.87,4007.3
google,shopping,Pmax_NTM_Campaign_27,60,6432.38,10533.34,18002.62,1.61,2.63,4.5,47.4,HIGH,15102.18,4597.75,8014.6
google,shopping,Pmax_NTM_Campaign_27,90,9788.55,15635.06,26585.3,1.63,2.61,4.43,46.7,HIGH,22323.39,6896.62,12021.9
google,shopping,Pmax_NTM_Campaign_28,30,1418.64,1888.12,3514.0,5.63,7.5,13.95,71.3,HIGH,2958.83,1050.57,467.66
google,shopping,Pmax_NTM_Campaign_28,60,3152.33,3915.7,7001.85,6.26,7.77,13.9,73.3,HIGH,6196.58,2101.14,935.33
google,shopping,Pmax_NTM_Campaign_28,90,4970.74,6011.43,10556.28,6.58,7.95,13.97,74.6,HIGH,9570.63,3151.71,1402.99
google,shopping,Pmax_NTM_Campaign_29,30,763.03,1236.55,2672.23,0.87,1.41,3.05,104.1,HIGH,2170.98,503.54,0.0
google,shopping,Pmax_NTM_Campaign_29,60,1229.11,1880.86,4497.35,0.7,1.07,2.57,94.9,HIGH,3157.47,1007.07,0.0
google,shopping,Pmax_NTM_Campaign_29,90,1405.17,2246.65,5962.47,0.53,0.85,2.27,86.5,HIGH,3586.93,1510.61,0.0
google,shopping,Pmax_NTM_Campaign_30,30,1447.57,1989.46,2882.43,0.74,1.01,1.47,136.8,HIGH,3925.6,88.86,0.0
google,shopping,Pmax_NTM_Campaign_30,60,3280.01,4001.47,5572.53,0.84,1.02,1.42,136.8,HIGH,7896.31,177.72,0.0
google,shopping,Pmax_NTM_Campaign_30,90,5184.97,6149.65,8337.67,0.88,1.04,1.42,136.9,HIGH,12139.36,266.57,0.0
google,shopping,Pmax_NTM_Campaign_31,30,5338.43,8289.67,12802.74,4.66,7.24,11.18,59.4,HIGH,12516.4,4445.56,3488.98
google,shopping,Pmax_NTM_Campaign_31,60,11618.82,16693.79,25050.46,5.07,7.29,10.93,59.8,HIGH,25261.72,8891.13,6977.96
google,shopping,Pmax_NTM_Campaign_31,90,18096.85,25281.72,37458.22,5.27,7.36,10.9,60.5,HIGH,38374.64,13336.69,10466.95
google,shopping,Pmax_NTM_Campaign_32,30,5971.99,9658.07,14185.73,9.96,16.11,23.67,43.6,HIGH,13321.73,3964.0,9040.01
google,shopping,Pmax_NTM_Campaign_32,60,13450.94,19624.65,27969.66,11.22,16.37,23.33,44.5,HIGH,27260.5,7927.99,18080.03
google,shopping,Pmax_NTM_Campaign_32,90,21633.87,30555.23,42491.22,12.03,16.99,23.63,46.6,HIGH,43127.25,11891.99,27120.04
google,shopping,Pmax_NTM_Campaign_33,30,2134.59,3730.14,5911.0,0.98,1.71,2.7,34.5,HIGH,4268.11,4163.31,1735.47
google,shopping,Pmax_NTM_Campaign_33,60,4427.05,7253.8,11355.4,1.01,1.66,2.6,33.8,HIGH,8123.26,8326.62,3470.95
google,shopping,Pmax_NTM_Campaign_33,90,6599.59,10669.83,16608.02,1.01,1.63,2.53,33.4,HIGH,11763.13,12489.93,5206.42
google,shopping,Pmax_NTM_Campaign_34,30,4932.72,9165.74,14178.1,3.15,5.85,9.05,10.1,MODERATE,9358.23,9820.17,7702.87
google,shopping,Pmax_NTM_Campaign_34,60,10569.29,18644.81,28306.53,3.37,5.95,9.04,10.6,MODERATE,19343.13,19640.33,15405.74
google,shopping,Pmax_NTM_Campaign_34,90,16590.23,28421.55,42746.49,3.53,6.05,9.1,11.3,MODERATE,29923.35,29460.5,23108.61
google,shopping,Pmax_NTM_Campaign_35,30,4828.59,7293.39,9742.14,1.5,2.26,3.02,36.2,HIGH,9027.29,7018.51,3370.96
google,shopping,Pmax_NTM_Campaign_35,60,10589.82,15077.98,19632.68,1.64,2.34,3.05,38.0,HIGH,19036.98,14037.02,6741.93
google,shopping,Pmax_NTM_Campaign_35,90,16820.18,23384.86,29979.92,1.74,2.42,3.1,40.0,HIGH,30091.24,21055.54,10112.89
google,shopping,Pmax_NTM_Campaign_36,30,1991.29,3237.34,5733.27,5.12,8.33,14.75,73.7,HIGH,5218.67,273.09,2730.36
google,shopping,Pmax_NTM_Campaign_36,60,4439.28,6555.68,11258.93,5.71,8.43,14.48,74.2,HIGH,10599.37,546.18,5460.73
google,shopping,Pmax_NTM_Campaign_36,90,7011.73,9977.7,16884.74,6.01,8.56,14.48,74.7,HIGH,16187.4,819.27,8191.09
google,shopping,Pmax_NTM_Campaign_37,30,8851.05,16999.23,27653.92,3.72,7.15,11.63,7.6,MODERATE,17967.8,15058.64,17488.71
google,shopping,Pmax_NTM_Campaign_37,60,18882.63,33639.92,53813.67,3.97,7.07,11.32,7.0,MODERATE,35218.51,30117.27,34977.42
google,shopping,Pmax_NTM_Campaign_37,90,28759.26,50247.54,79793.64,4.03,7.04,11.19,6.8,MODERATE,52403.07,45175.91,52466.13
google,shopping,Pmax_NTM_Campaign_38,30,1062.23,1529.54,2858.22,4.12,5.94,11.09,140.1,HIGH,3047.67,19.03,0.0
google,shopping,Pmax_NTM_Campaign_38,60,2405.84,3030.51,5464.21,4.67,5.88,10.6,140.1,HIGH,6038.19,38.06,0.0
google,shopping,Pmax_NTM_Campaign_38,90,3736.29,4513.68,7990.7,4.83,5.84,10.34,140.1,HIGH,8993.11,57.08,0.0
google,shopping,Pmax_NTM_Campaign_39,30,2264.26,3182.12,5650.47,1.51,2.13,3.77,79.1,HIGH,4783.88,2633.93,0.0
google,shopping,Pmax_NTM_Campaign_39,60,4932.34,6515.29,11187.29,1.65,2.18,3.74,79.9,HIGH,9869.87,5267.86,0.0
google,shopping,Pmax_NTM_Campaign_39,90,7765.68,9995.4,16948.46,1.73,2.23,3.77,80.7,HIGH,15249.73,7901.78,0.0
google,shopping,Pmax_NTM_Campaign_40,30,37935.16,48158.54,53846.24,12.94,16.42,18.36,8.9,MODERATE,,51540.55,43085.53
google,shopping,Pmax_NTM_Campaign_40,60,75870.31,96317.08,107692.48,12.94,16.42,18.36,8.9,MODERATE,,103081.09,86171.07
google,shopping,Pmax_NTM_Campaign_40,90,113805.47,144475.62,161538.71,12.94,16.42,18.36,8.9,MODERATE,,154621.64,129256.6
google,shopping,Pmax_NTM_Campaign_41,30,113.61,470.63,3868.05,0.12,0.49,4.02,100.0,HIGH,,784.39,0.0
google,shopping,Pmax_NTM_Campaign_41,60,227.22,941.26,7736.09,0.12,0.49,4.02,100.0,HIGH,,1568.77,0.0
google,shopping,Pmax_NTM_Campaign_41,90,340.82,1411.89,11604.14,0.12,0.49,4.02,100.0,HIGH,,2353.16,0.0
google,shopping,Pmax_NTM_Campaign_42,30,4600.65,6572.36,8544.06,2.11,3.01,3.91,25.0,HIGH,,,
google,shopping,Pmax_NTM_Campaign_42,60,9201.3,13144.71,17088.13,2.11,3.01,3.91,25.0,HIGH,,,
google,shopping,Pmax_NTM_Campaign_42,90,13801.95,19717.07,25632.19,2.11,3.01,3.91,25.0,HIGH,,,
google,shopping,Pmax_NTM_Campaign_43,30,12887.58,18410.83,23934.08,2.96,4.23,5.5,25.0,HIGH,,,
google,shopping,Pmax_NTM_Campaign_43,60,25775.16,36821.66,47868.16,2.96,4.23,5.5,25.0,HIGH,,,
google,shopping,Pmax_NTM_Campaign_43,90,38662.74,55232.49,71802.24,2.96,4.23,5.5,25.0,HIGH,,,
google,shopping,Pmax_NTM_Campaign_44,30,2747.06,3924.37,5101.68,2.7,3.86,5.01,25.0,HIGH,,,
google,shopping,Pmax_NTM_Campaign_44,60,5494.12,7848.74,10203.36,2.7,3.86,5.01,25.0,HIGH,,,
google,shopping,Pmax_NTM_Campaign_44,90,8241.18,11773.11,15305.04,2.7,3.86,5.01,25.0,HIGH,,,
google,shopping,Pmax_NTM_Campaign_45,30,7099.85,10142.64,13185.43,6.36,9.09,11.82,25.0,HIGH,,,
google,shopping,Pmax_NTM_Campaign_45,60,14199.7,20285.28,26370.86,6.36,9.09,11.82,25.0,HIGH,,,
google,shopping,Pmax_NTM_Campaign_45,90,21299.54,30427.92,39556.29,6.36,9.09,11.82,25.0,HIGH,,,
google,shopping,Pmax_NTM_Campaign_46,30,266.04,1760.12,4052.05,0.46,3.04,6.99,48.8,HIGH,,998.48,2902.58
google,shopping,Pmax_NTM_Campaign_46,60,532.08,3520.25,8104.09,0.46,3.04,6.99,48.8,HIGH,,1996.97,5805.16
google,shopping,Pmax_NTM_Campaign_46,90,798.12,5280.37,12156.14,0.46,3.04,6.99,48.8,HIGH,,2995.45,8707.75
google,shopping,Pmax_NTM_Campaign_47,30,9600.26,13409.78,21391.55,2.39,3.35,5.34,17.6,HIGH,,11453.45,16344.27
google,shopping,Pmax_NTM_Campaign_47,60,19200.52,26819.56,42783.11,2.39,3.35,5.34,17.6,HIGH,,22906.91,32688.53
google,shopping,Pmax_NTM_Campaign_47,90,28800.78,40229.34,64174.66,2.39,3.35,5.34,17.6,HIGH,,34360.36,49032.8
google,shopping,Pmax_NTM_Campaign_48,30,8052.67,12387.36,21479.48,1.9,2.93,5.08,8.0,MODERATE,,13163.04,11223.85
google,shopping,Pmax_NTM_Campaign_48,60,16105.33,24774.72,42958.96,1.9,2.93,5.08,8.0,MODERATE,,26326.07,22447.7
google,shopping,Pmax_NTM_Campaign_48,90,24158.0,37162.08,64438.43,1.9,2.93,5.08,8.0,MODERATE,,39489.11,33671.55
google,shopping,Pmax_NTM_Campaign_49,30,10009.04,15864.59,24016.65,4.55,7.22,10.92,5.5,MODERATE,,16557.31,14825.52
google,shopping,Pmax_NTM_Campaign_49,60,20018.08,31729.18,48033.3,4.55,7.22,10.92,5.5,MODERATE,,33114.61,29651.04
google,shopping,Pmax_NTM_Campaign_49,90,30027.12,47593.77,72049.95,4.55,7.22,10.92,5.5,MODERATE,,49671.92,44476.56
google,shopping,Shopping_NTM_Campaign_01,30,62397.68,83184.91,118602.09,5.89,7.86,11.2,49.9,HIGH,120731.53,44911.31,46728.75
google,shopping,Shopping_NTM_Campaign_01,60,134546.38,173344.19,242115.39,6.35,8.19,11.43,52.8,HIGH,255411.81,89822.62,93457.49
google,shopping,Shopping_NTM_Campaign_01,90,207770.23,270853.82,380127.06,6.54,8.53,11.97,55.6,HIGH,404792.79,134733.93,140186.24
google,shopping,Shopping_NTM_Campaign_02,30,0.0,0.0,0.0,0.0,0.0,0.0,25.0,HIGH,,,
google,shopping,Shopping_NTM_Campaign_02,60,0.0,0.0,0.0,0.0,0.0,0.0,25.0,HIGH,,,
google,shopping,Shopping_NTM_Campaign_02,90,0.0,0.0,0.0,0.0,0.0,0.0,25.0,HIGH,,,
google,shopping,Shopping_NTM_Campaign_03,30,6515.99,9308.55,12101.12,3.87,5.52,7.18,25.0,HIGH,,,
google,shopping,Shopping_NTM_Campaign_03,60,13031.97,18617.1,24202.23,3.87,5.52,7.18,25.0,HIGH,,,
google,shopping,Shopping_NTM_Campaign_03,90,19547.96,27925.65,36303.35,3.87,5.52,7.18,25.0,HIGH,,,
meta,brand,Generic_Brand_Campaign_01,30,699.26,1005.36,1277.53,0.28,0.4,0.5,57.1,HIGH,1422.93,804.13,263.31
meta,brand,Generic_Brand_Campaign_01,60,1477.01,2014.58,2485.63,0.29,0.4,0.49,57.2,HIGH,2853.56,1608.25,526.61
meta,brand,Generic_Brand_Campaign_01,90,2257.58,3014.31,3693.44,0.3,0.4,0.48,57.0,HIGH,4265.22,2412.38,789.92
meta,display,Prospecting_Adv_Plus_Campaign_01,30,11828.53,12474.77,36585.88,13.62,14.36,42.12,100.0,HIGH,,21830.85,0.0
meta,display,Prospecting_Adv_Plus_Campaign_01,60,23657.05,24949.54,73171.76,13.62,14.36,42.12,100.0,HIGH,,43661.7,0.0
meta,display,Prospecting_Adv_Plus_Campaign_01,90,35485.58,37424.31,109757.65,13.62,14.36,42.12,100.0,HIGH,,65492.55,0.0
meta,display,Prospecting_Adv_Plus_Campaign_02,30,6608.97,8637.54,20767.99,7.7,10.07,24.21,63.5,HIGH,,12947.96,2890.32
meta,display,Prospecting_Adv_Plus_Campaign_02,60,13217.95,17275.09,41535.98,7.7,10.07,24.21,63.5,HIGH,,25895.92,5780.64
meta,display,Prospecting_Adv_Plus_Campaign_02,90,19826.92,25912.63,62303.97,7.7,10.07,24.21,63.5,HIGH,,38843.89,8670.96
meta,display,Prospecting_Brand_Campaign_01,30,4402.52,8608.03,17637.03,1.8,3.53,7.23,46.0,HIGH,14707.64,4984.63,7339.61
meta,display,Prospecting_Brand_Campaign_01,60,9220.38,16784.78,34322.18,1.89,3.44,7.04,43.5,HIGH,27977.68,9969.27,14679.23
meta,display,Prospecting_Brand_Campaign_01,90,13547.89,24449.97,50263.52,1.85,3.34,6.87,40.5,HIGH,39542.51,14953.9,22018.84
meta,display,Prospecting_Brand_Campaign_02,30,8039.83,16804.03,25985.1,3.12,6.53,10.1,47.8,HIGH,28578.31,7794.41,17042.58
meta,display,Prospecting_Brand_Campaign_02,60,16978.61,33152.01,50504.21,3.3,6.44,9.81,46.6,HIGH,55636.45,15588.83,34085.15
meta,display,Prospecting_Brand_Campaign_02,90,25425.53,49112.71,74429.11,3.29,6.36,9.64,45.6,HIGH,81403.63,23383.24,51127.73
meta,display,Prospecting_DPA_Campaign_01,30,817.03,2173.83,5557.57,1.42,3.77,9.64,33.2,HIGH,3242.33,1425.08,2103.67
meta,display,Prospecting_DPA_Campaign_01,60,1645.57,4182.37,10796.75,1.43,3.63,9.36,29.1,HIGH,5933.7,2850.15,4207.35
meta,display,Prospecting_DPA_Campaign_01,90,2380.74,6074.41,15902.9,1.38,3.51,9.2,25.8,HIGH,8236.72,4275.23,6311.02
meta,display,Prospecting_DPA_Campaign_02,30,1321.24,2341.1,5410.4,2.45,4.34,10.03,76.0,HIGH,4247.34,2667.25,0.0
meta,display,Prospecting_DPA_Campaign_02,60,2748.81,4552.77,10519.57,2.55,4.22,9.75,75.0,HIGH,8063.21,5334.51,0.0
meta,display,Prospecting_DPA_Campaign_02,90,4076.49,6651.64,15478.12,2.52,4.11,9.56,74.0,HIGH,11503.13,8001.76,0.0
meta,display,Prospecting_DPA_Campaign_04,30,1807.7,2573.39,6772.13,6.46,9.19,24.19,135.5,HIGH,8261.23,237.54,0.0
meta,display,Prospecting_DPA_Campaign_04,60,4056.06,5161.91,13260.88,7.24,9.22,23.68,135.6,HIGH,16572.91,475.08,0.0
meta,display,Prospecting_DPA_Campaign_04,90,6422.69,7883.82,19803.93,7.65,9.39,23.58,135.7,HIGH,25329.23,712.63,0.0
meta,retargeting,Remarketing_Brand_Campaign_01,30,972.41,1645.62,2850.49,1.27,2.15,3.73,8.9,MODERATE,,1568.61,1876.65
meta,retargeting,Remarketing_Brand_Campaign_01,60,1944.83,3291.24,5700.99,1.27,2.15,3.73,8.9,MODERATE,,3137.21,3753.3
meta,retargeting,Remarketing_Brand_Campaign_01,90,2917.24,4936.85,8551.48,1.27,2.15,3.73,8.9,MODERATE,,4705.82,5629.95
meta,retargeting,Remarketing_Brand_Campaign_02,30,2007.86,2956.73,3446.0,3.69,5.44,6.33,4.6,LOW,,3022.9,2758.24
meta,retargeting,Remarketing_Brand_Campaign_02,60,4015.72,5913.47,6892.01,3.69,5.44,6.33,4.6,LOW,,6045.79,5516.48
meta,retargeting,Remarketing_Brand_Campaign_02,90,6023.58,8870.2,10338.01,3.69,5.44,6.33,4.6,LOW,,9068.69,8274.72
meta,retargeting,Remarketing_Brand_Campaign_03,30,3627.88,6088.36,9611.3,5.49,9.21,14.54,128.0,HIGH,25236.4,1735.13,0.0
meta,retargeting,Remarketing_Brand_Campaign_03,60,8135.95,12119.51,18566.41,6.15,9.17,14.04,127.9,HIGH,50186.75,3470.27,0.0
meta,retargeting,Remarketing_Brand_Campaign_03,90,12604.71,18023.57,27144.5,6.36,9.09,13.69,127.8,HIGH,74501.68,5205.4,0.0
meta,retargeting,Remarketing_DPA_Campaign_01,30,4059.05,7136.36,15421.29,1.61,2.83,6.11,55.1,HIGH,16347.69,3076.85,10103.54
meta,retargeting,Remarketing_DPA_Campaign_01,60,8491.3,14320.7,30594.97,1.68,2.84,6.06,55.3,HIGH,32935.29,6153.71,20207.08
meta,retargeting,Remarketing_DPA_Campaign_01,90,12968.53,21466.54,45754.32,1.71,2.83,6.04,55.3,HIGH,49330.39,9230.56,30310.63
meta,retargeting,Remarketing_DPA_Campaign_02,30,853.06,1670.04,5408.47,3.04,5.95,19.26,116.4,HIGH,5885.36,821.62,0.0
meta,retargeting,Remarketing_DPA_Campaign_02,60,1902.76,3337.25,10670.09,3.39,5.94,19.0,116.4,HIGH,11756.57,1643.24,0.0
meta,retargeting,Remarketing_DPA_Campaign_02,90,2965.83,5007.86,15898.99,3.52,5.94,18.87,116.4,HIGH,17644.75,2464.85,0.0
meta,retargeting,Remarketing_DPA_Campaign_03,30,2065.57,3046.56,5515.76,5.79,8.54,15.46,133.9,HIGH,13705.06,509.24,0.0
meta,retargeting,Remarketing_DPA_Campaign_03,60,4706.43,6262.76,10905.53,6.59,8.78,15.28,134.1,HIGH,28258.36,1018.49,0.0
meta,retargeting,Remarketing_DPA_Campaign_03,90,7530.78,9638.78,16440.73,7.03,9.0,15.36,134.3,HIGH,43610.71,1527.73,0.0
meta,search,Generic_Campaign_01,30,16559.21,19086.79,20884.76,7.09,8.17,8.94,8.2,MODERATE,,18268.38,21542.0
meta,search,Generic_Campaign_01,60,33118.42,38173.57,41769.52,7.09,8.17,8.94,8.2,MODERATE,,36536.76,43084.01
meta,search,Generic_Campaign_01,90,49677.63,57260.36,62654.28,7.09,8.17,8.94,8.2,MODERATE,,54805.14,64626.01
meta,search,Generic_Campaign_02,30,1657.8,2368.29,3078.77,0.91,1.3,1.69,25.0,HIGH,,,
meta,search,Generic_Campaign_02,60,3315.6,4736.57,6157.54,0.91,1.3,1.69,25.0,HIGH,,,
meta,search,Generic_Campaign_02,90,4973.4,7104.86,9236.31,0.91,1.3,1.69,25.0,HIGH,,,
ms,brand,Search_TM_Campaign_02,30,2536.9,3287.28,4730.42,2.41,3.12,4.49,140.8,HIGH,6563.32,18.76,0.0
ms,brand,Search_TM_Campaign_02,60,6342.32,7446.37,9976.5,3.01,3.53,4.73,140.9,HIGH,14870.24,37.51,0.0
ms,brand,Search_TM_Campaign_02,90,10815.71,12382.26,16128.01,3.42,3.92,5.1,140.9,HIGH,24730.76,56.27,0.0
ms,brand,Search_TM_Campaign_03,30,1477.58,2300.11,4069.88,0.0,0.0,0.0,141.4,HIGH,4600.13,0.13,0.0
ms,brand,Search_TM_Campaign_03,60,3259.39,4355.6,7388.42,0.0,0.0,0.0,141.4,HIGH,8711.03,0.26,0.0
ms,brand,Search_TM_Campaign_03,90,4959.42,6335.5,10530.35,0.0,0.0,0.0,141.4,HIGH,12670.77,0.39,0.0
ms,brand,Search_TM_Campaign_04,30,0.0,0.0,0.0,0.0,0.0,0.0,0.0,LOW,,0.0,0.0
ms,brand,Search_TM_Campaign_04,60,0.0,0.0,0.0,0.0,0.0,0.0,0.0,LOW,,0.0,0.0
ms,brand,Search_TM_Campaign_04,90,0.0,0.0,0.0,0.0,0.0,0.0,0.0,LOW,,0.0,0.0
ms,brand,Search_TM_Campaign_05,30,846.49,1283.0,1807.42,0.8,1.22,1.71,55.9,HIGH,1851.31,909.66,422.2
ms,brand,Search_TM_Campaign_05,60,1807.15,2579.43,3533.28,0.86,1.22,1.67,56.2,HIGH,3729.5,1819.33,844.4
ms,brand,Search_TM_Campaign_05,90,2817.44,3909.49,5291.97,0.89,1.23,1.67,56.9,HIGH,5674.93,2728.99,1266.61
ms,brand,Search_TM_Campaign_06,30,1351.29,1411.82,1476.3,793.21,828.74,866.59,69.3,HIGH,294.45,3145.49,1604.74
ms,brand,Search_TM_Campaign_06,60,2771.17,2875.6,2988.08,813.34,843.99,877.0,67.4,HIGH,692.83,6290.97,3209.48
ms,brand,Search_TM_Campaign_06,90,4247.04,4393.81,4556.86,831.01,859.73,891.63,65.5,HIGH,1200.06,9436.46,4814.21
ms,display,Demand Gen_NTM_Campaign_01,30,0.0,0.0,0.0,0.0,0.0,0.0,0.0,LOW,,0.0,0.0
ms,display,Demand Gen_NTM_Campaign_01,60,0.0,0.0,0.0,0.0,0.0,0.0,0.0,LOW,,0.0,0.0
ms,display,Demand Gen_NTM_Campaign_01,90,0.0,0.0,0.0,0.0,0.0,0.0,0.0,LOW,,0.0,0.0
ms,display,Demand Gen_NTM_Campaign_02,30,0.0,0.0,0.0,0.0,0.0,0.0,0.0,LOW,,0.0,0.0
ms,display,Demand Gen_NTM_Campaign_02,60,0.0,0.0,0.0,0.0,0.0,0.0,0.0,LOW,,0.0,0.0
ms,display,Demand Gen_NTM_Campaign_02,90,0.0,0.0,0.0,0.0,0.0,0.0,0.0,LOW,,0.0,0.0
ms,search,Search_NTM_Campaign_01,30,98.3,130.28,164.3,0.09,0.12,0.15,141.4,HIGH,651.4,0.0,0.0
ms,search,Search_NTM_Campaign_01,60,214.97,257.72,311.71,0.1,0.12,0.15,141.4,HIGH,1288.6,0.0,0.0
ms,search,Search_NTM_Campaign_01,90,327.17,380.68,452.94,0.1,0.12,0.14,141.4,HIGH,1903.42,0.0,0.0
ms,shopping,Pmax_NTM_Campaign_01,30,216.53,283.27,404.35,0.27,0.35,0.5,116.7,HIGH,523.37,71.95,0.0
ms,shopping,Pmax_NTM_Campaign_01,60,500.18,603.38,816.59,0.31,0.37,0.5,118.1,HIGH,1120.42,143.9,0.0
ms,shopping,Pmax_NTM_Campaign_01,90,828.48,962.55,1272.26,0.34,0.4,0.52,119.4,HIGH,1795.59,215.84,0.0
ms,shopping,Pmax_NTM_Campaign_02,30,0.0,0.0,0.0,0.0,0.0,0.0,141.4,HIGH,0.0,0.0,0.0
ms,shopping,Pmax_NTM_Campaign_02,60,0.0,0.0,0.0,0.0,0.0,0.0,141.4,HIGH,0.0,0.0,0.0
ms,shopping,Pmax_NTM_Campaign_02,90,0.0,0.0,0.0,0.0,0.0,0.0,141.4,HIGH,0.0,0.0,0.0
ms,shopping,Pmax_NTM_Campaign_03,30,227.44,314.27,452.24,0.29,0.41,0.59,126.4,HIGH,600.52,46.7,0.0
ms,shopping,Pmax_NTM_Campaign_03,60,533.21,662.92,909.84,0.35,0.43,0.59,127.2,HIGH,1269.8,93.39,0.0
ms,shopping,Pmax_NTM_Campaign_03,90,873.26,1047.32,1396.77,0.38,0.45,0.6,127.9,HIGH,2010.58,140.09,0.0
ms,shopping,Pmax_NTM_Campaign_04,30,0.0,0.0,0.0,0.0,0.0,0.0,141.4,HIGH,0.0,0.0,0.0
ms,shopping,Pmax_NTM_Campaign_04,60,0.0,0.0,0.0,0.0,0.0,0.0,141.4,HIGH,0.0,0.0,0.0
ms,shopping,Pmax_NTM_Campaign_04,90,0.0,0.0,0.0,0.0,0.0,0.0,141.4,HIGH,0.0,0.0,0.0
ms,shopping,Pmax_NTM_Campaign_05,30,0.0,0.0,0.0,0.0,0.0,0.0,141.4,HIGH,0.0,0.0,0.0
ms,shopping,Pmax_NTM_Campaign_05,60,0.0,0.0,0.0,0.0,0.0,0.0,141.4,HIGH,0.0,0.0,0.0
ms,shopping,Pmax_NTM_Campaign_05,90,0.0,0.0,0.0,0.0,0.0,0.0,141.4,HIGH,0.0,0.0,0.0
ms,shopping,Pmax_NTM_Campaign_06,30,0.0,0.0,0.0,0.0,0.0,0.0,0.0,LOW,,0.0,0.0
ms,shopping,Pmax_NTM_Campaign_06,60,0.0,0.0,0.0,0.0,0.0,0.0,0.0,LOW,,0.0,0.0
ms,shopping,Pmax_NTM_Campaign_06,90,0.0,0.0,0.0,0.0,0.0,0.0,0.0,LOW,,0.0,0.0
ms,shopping,Pmax_NTM_Campaign_07,30,0.0,0.0,0.0,0.0,0.0,0.0,141.4,HIGH,0.0,0.0,0.0
ms,shopping,Pmax_NTM_Campaign_07,60,0.0,0.0,0.0,0.0,0.0,0.0,141.4,HIGH,0.0,0.0,0.0
ms,shopping,Pmax_NTM_Campaign_07,90,0.0,0.0,0.0,0.0,0.0,0.0,141.4,HIGH,0.0,0.0,0.0
ms,shopping,Pmax_NTM_Campaign_08,30,0.0,0.0,0.0,0.0,0.0,0.0,0.0,LOW,,0.0,0.0
ms,shopping,Pmax_NTM_Campaign_08,60,0.0,0.0,0.0,0.0,0.0,0.0,0.0,LOW,,0.0,0.0
ms,shopping,Pmax_NTM_Campaign_08,90,0.0,0.0,0.0,0.0,0.0,0.0,0.0,LOW,,0.0,0.0
ms,shopping,Pmax_NTM_Campaign_09,30,0.0,0.0,0.0,0.0,0.0,0.0,0.0,LOW,,0.0,0.0
ms,shopping,Pmax_NTM_Campaign_09,60,0.0,0.0,0.0,0.0,0.0,0.0,0.0,LOW,,0.0,0.0
ms,shopping,Pmax_NTM_Campaign_09,90,0.0,0.0,0.0,0.0,0.0,0.0,0.0,LOW,,0.0,0.0
ms,shopping,Pmax_NTM_Campaign_10,30,0.0,0.0,0.0,0.0,0.0,0.0,0.0,LOW,,0.0,0.0
ms,shopping,Pmax_NTM_Campaign_10,60,0.0,0.0,0.0,0.0,0.0,0.0,0.0,LOW,,0.0,0.0
ms,shopping,Pmax_NTM_Campaign_10,90,0.0,0.0,0.0,0.0,0.0,0.0,0.0,LOW,,0.0,0.0
ms,shopping,Pmax_NTM_Campaign_11,30,0.0,0.0,0.0,0.0,0.0,0.0,141.4,HIGH,0.0,0.0,0.0
ms,shopping,Pmax_NTM_Campaign_11,60,0.0,0.0,0.0,0.0,0.0,0.0,141.4,HIGH,0.0,0.0,0.0
ms,shopping,Pmax_NTM_Campaign_11,90,0.0,0.0,0.0,0.0,0.0,0.0,141.4,HIGH,0.0,0.0,0.0
ms,shopping,Pmax_NTM_Campaign_12,30,0.0,0.0,0.0,0.0,0.0,0.0,141.4,HIGH,0.0,0.0,0.0
ms,shopping,Pmax_NTM_Campaign_12,60,0.0,0.0,0.0,0.0,0.0,0.0,141.4,HIGH,0.0,0.0,0.0
ms,shopping,Pmax_NTM_Campaign_12,90,0.0,0.0,0.0,0.0,0.0,0.0,141.4,HIGH,0.0,0.0,0.0
ms,shopping,Pmax_NTM_Campaign_13,30,236.45,439.8,502.9,1.03,1.92,2.2,30.9,HIGH,283.49,642.04,527.21
ms,shopping,Pmax_NTM_Campaign_13,60,519.83,907.5,1019.28,1.14,1.98,2.23,27.8,HIGH,622.79,1284.07,1054.41
ms,shopping,Pmax_NTM_Campaign_13,90,838.66,1409.12,1571.32,1.22,2.05,2.29,24.4,HIGH,1029.94,1926.11,1581.62
ms,shopping,Pmax_NTM_Campaign_14,30,0.0,0.0,14.97,0.0,0.0,0.05,0.0,LOW,,0.0,0.0
ms,shopping,Pmax_NTM_Campaign_14,60,0.0,0.0,29.93,0.0,0.0,0.05,0.0,LOW,,0.0,0.0
ms,shopping,Pmax_NTM_Campaign_14,90,0.0,0.0,44.9,0.0,0.0,0.05,0.0,LOW,,0.0,0.0
ms,shopping,Pmax_NTM_Campaign_15,30,0.0,0.0,0.0,0.0,0.0,0.0,0.0,LOW,,0.0,0.0
ms,shopping,Pmax_NTM_Campaign_15,60,0.0,0.0,0.0,0.0,0.0,0.0,0.0,LOW,,0.0,0.0
ms,shopping,Pmax_NTM_Campaign_15,90,0.0,0.0,0.0,0.0,0.0,0.0,0.0,LOW,,0.0,0.0
ms,shopping,Pmax_NTM_Campaign_16,30,0.0,0.0,0.0,0.0,0.0,0.0,141.4,HIGH,0.0,0.0,0.0
ms,shopping,Pmax_NTM_Campaign_16,60,0.0,0.0,0.0,0.0,0.0,0.0,141.4,HIGH,0.0,0.0,0.0
ms,shopping,Pmax_NTM_Campaign_16,90,0.0,0.0,0.0,0.0,0.0,0.0,141.4,HIGH,0.0,0.0,0.0
ms,shopping,Pmax_NTM_Campaign_17,30,0.0,0.0,0.0,0.0,0.0,0.0,141.4,HIGH,0.0,0.0,0.0
ms,shopping,Pmax_NTM_Campaign_17,60,0.0,0.0,0.0,0.0,0.0,0.0,141.4,HIGH,0.0,0.0,0.0
ms,shopping,Pmax_NTM_Campaign_17,90,0.0,0.0,0.0,0.0,0.0,0.0,141.4,HIGH,0.0,0.0,0.0
ms,shopping,Pmax_NTM_Campaign_18,30,0.0,0.0,0.0,0.0,0.0,0.0,0.0,LOW,,0.0,0.0
ms,shopping,Pmax_NTM_Campaign_18,60,0.0,0.0,0.0,0.0,0.0,0.0,0.0,LOW,,0.0,0.0
ms,shopping,Pmax_NTM_Campaign_18,90,0.0,0.0,0.0,0.0,0.0,0.0,0.0,LOW,,0.0,0.0
ms,shopping,Pmax_NTM_Campaign_19,30,0.0,0.0,0.0,0.0,0.0,0.0,141.4,HIGH,0.0,0.0,0.0
ms,shopping,Pmax_NTM_Campaign_19,60,0.0,0.0,0.0,0.0,0.0,0.0,141.4,HIGH,0.0,0.0,0.0
ms,shopping,Pmax_NTM_Campaign_19,90,0.0,0.0,0.0,0.0,0.0,0.0,141.4,HIGH,0.0,0.0,0.0
ms,shopping,Shopping_NTM_Campaign_01,30,390.56,649.03,867.38,26.09,43.36,57.95,87.7,HIGH,579.15,61.78,1704.6
ms,shopping,Shopping_NTM_Campaign_01,60,806.02,1283.59,1692.62,26.93,42.88,56.54,88.5,HIGH,1129.37,123.56,3409.19
ms,shopping,Shopping_NTM_Campaign_01,90,1210.49,1915.82,2512.41,26.96,42.67,55.95,88.8,HIGH,1674.91,185.34,5113.79
